{
  "feature_cols": [
    "pressure",
    "head",
    "demand",
    "pressure_ma3",
    "pressure_ma5",
    "head_ma3",
    "head_ma5",
    "pressure_change",
    "head_change",
    "pressure_drop",
    "head_drop",
    "network_pressure_mean",
    "network_pressure_std",
    "network_demand_mean",
    "pressure_deviation",
    "demand_deviation",
    "pressure_std_5",
    "head_std_5",
    "demand_std_5",
    "pressure_min_5",
    "pressure_max_5",
    "head_min_5",
    "head_max_5",
    "pressure_acceleration",
    "head_acceleration",
    "pressure_change_pct",
    "head_change_pct",
    "demand_change_pct",
    "pressure_demand_ratio",
    "head_demand_ratio"
  ],
  "reservoir_nodes": [],
  "n_train": 5269040,
  "n_val": 1129080,
  "n_test": 1129080,
  "train_acc": 0.9655225619847259,
  "train_prec": 0.14137292718620675,
  "train_rec": 0.8670094207851645,
  "train_f1": 0.24310552433013488,
  "train_f2": 0.4278239548566099,
  "val_acc": 0.9660856626634073,
  "val_prec": 0.09501955671447197,
  "val_rec": 0.5040110650069156,
  "val_f1": 0.15989469065379552,
  "val_f2": 0.27084881819533224,
  "test_acc": 0.9648262302051227,
  "test_prec": 0.10559006211180125,
  "test_rec": 0.6042765898361566,
  "test_f1": 0.1797678549299847,
  "test_f2": 0.3107505997943562,
  "test_auc": 0.9207865819364767,
  "top_k_accuracy": 0.6833333333333333,
  "top10_accuracy": 0.7333333333333333,
  "top1_accuracy": 0.4666666666666667,
  "use_smote": false,
  "best_threshold": 0.9199999999999996,
  "best_metric": "F2",
  "labeling_method": "exact_leak_node_in_time_window"
}